{
  "version": 1,
  "width": 204,
  "height": 49,
  "duration": 10.254586,
  "command": null,
  "title": null,
  "env": {
    "TERM": "xterm-256color",
    "SHELL": "/bin/bash"
  },
  "stdout": [
    [
      0.012312,
      "\u001b[?1034hbash-3.2$ "
    ],
    [
      0.691505,
      "docker r"
    ],
    [
      3.4e-05,
      "un -d -P "
    ],
    [
      1.9e-05,
      "tra"
    ],
    [
      1.6e-05,
      "in"
    ],
    [
      2.7e-05,
      "in"
    ],
    [
      2.1e-05,
      "g/w"
    ],
    [
      2.1e-05,
      "eb"
    ],
    [
      3.1e-05,
      "ap"
    ],
    [
      3.1e-05,
      "p p"
    ],
    [
      3.1e-05,
      "yth"
    ],
    [
      3.1e-05,
      "on "
    ],
    [
      1.9e-05,
      "ap"
    ],
    [
      2.1e-05,
      "p"
    ],
    [
      1.7e-05,
      ".p"
    ],
    [
      9e-05,
      "y"
    ],
    [
      2.5e-05,
      "\r\n"
    ],
    [
      0.319023,
      "d6e55df117bea2519aff5f4e44be6925706f42e9bd0c9627cb8aa8dd950ea635\r\n"
    ],
    [
      0.525832,
      "d"
    ],
    [
      0.103734,
      "o"
    ],
    [
      0.098963,
      "bash-3.2$ do"
    ],
    [
      0.00513,
      "c"
    ],
    [
      0.072813,
      "k"
    ],
    [
      0.104379,
      "e"
    ],
    [
      0.056949,
      "r"
    ],
    [
      0.046042,
      " "
    ],
    [
      0.044362,
      "p"
    ],
    [
      0.109668,
      "s"
    ],
    [
      0.041411,
      " "
    ],
    [
      0.10944,
      "-"
    ],
    [
      0.19993,
      "l"
    ],
    [
      0.280177,
      "\r\n"
    ],
    [
      0.029074,
      "CONTAINER ID        IMAGE               COMMAND             CREATED             STATUS              PORTS                     NAMES\r\nd6e55df117be        training/webapp     \"python app.py\"     2 seconds ago       Up 1 second         0.0.0.0:32774->5000/tcp   tender_payne\r\n"
    ],
    [
      0.001747,
      "bash-3.2$ "
    ],
    [
      1.913061,
      "l"
    ],
    [
      0.183046,
      "y"
    ],
    [
      0.176243,
      "n"
    ],
    [
      0.104522,
      "x"
    ],
    [
      0.104021,
      " "
    ],
    [
      0.080046,
      "-"
    ],
    [
      0.191861,
      "d"
    ],
    [
      0.071771,
      "u"
    ],
    [
      0.199485,
      "m"
    ],
    [
      0.056113,
      "p"
    ],
    [
      0.111685,
      " "
    ],
    [
      0.104418,
      "h"
    ],
    [
      0.14427,
      "t"
    ],
    [
      0.136184,
      "t"
    ],
    [
      0.055601,
      "p"
    ],
    [
      0.238033,
      ":"
    ],
    [
      0.161619,
      "/"
    ],
    [
      0.12868,
      "/"
    ],
    [
      0.240287,
      "l"
    ],
    [
      0.143884,
      "o"
    ],
    [
      0.104048,
      "c"
    ],
    [
      0.006872,
      "a"
    ],
    [
      0.097144,
      "l"
    ],
    [
      0.143847,
      "h"
    ],
    [
      0.040691,
      "o"
    ],
    [
      0.063509,
      "s"
    ],
    [
      0.064049,
      "t"
    ],
    [
      0.271866,
      ":"
    ],
    [
      0.655946,
      "3"
    ],
    [
      0.52867,
      "2"
    ],
    [
      0.294593,
      "7"
    ],
    [
      0.152712,
      "7"
    ],
    [
      0.19142,
      "4"
    ],
    [
      0.216269,
      "\r\n"
    ],
    [
      0.020448,
      "   Hello world!\r\n\r\n"
    ],
    [
      0.001032,
      "bash-3.2$ "
    ]
  ]
}